Count,Tradelist Count,Name,Edition,Card Number,Condition,Language,Foil,Signed,Artist Proof,Altered Art,Misprint,Promo,Textless,My Price
2,,Acolyte of Affliction,THB,,,French,,,,,,,,
1,,Act of Treason,RNA,,,French,,,,,,,,
1,,Aerial Assault,M20,,,French,,,,,,,,
3,,Aeromunculus,RNA,,,French,,,,,,,,
1,,Affectionate Indrik,GRN,,,French,,,,,,,,
2,,Aggressive Mammoth,M20,,,French,,,,,,,,
3,,Air Elemental,M20,,,French,,,,,,,,
4,,Ajani's Pridemate,WAR,,,French,,,,,,,,
2,,"Alirios, Enraptured",THB,,,French,,,,,,,,
4,,Altar of the Pantheon,THB,,,French,,,,,,,,
1,,"Anax, Hardened in the Forge",THB,,,French,,,,,,,,
1,,Angel of Grace,RNA,,,French,,,,,,,,
3,,Angel of Vitality,M20,,,French,,,,,,,,
2,,Angelic Reward,ANA,,,French,,,,,,,,
1,,"Aphemia, the Cacophony",THB,,,French,,,,,,,,
2,,Applied Biomancy,RNA,,,French,,,,,,,,
3,,Archon of Falling Stars,THB,,,French,,,,,,,,
1,,Archon of Sun's Grace,THB,,,French,,,,,,,,
2,,Arena Trickster,THB,,,French,,,,,,,,
2,,Arrester's Admonition,RNA,,,French,,,,,,,,
1,,Arrester's Zeal,RNA,,,French,,,,,,,,
2,,Artful Takedown,GRN,,,French,,,,,,,,
2,,Ashiok's Forerunner,THB,,,French,,,,,,,,
1,,"Ashiok, Sculptor of Fears",THB,,,French,,,,,,,,
4,,Aspect of Lamprey,THB,,,French,,,,,,,,
1,,Aspect of Manticore,THB,,,French,,,,,,,,
1,,Assassin's Trophy,GRN,,,French,,,,,,,,
1,,Assure // Assemble,GRN,,,French,,,,,,,,
1,,"Atris, Oracle of Half-Truths",THB,,,French,,,,,,,,
2,,Augur of Bolas,WAR,,,French,,,,,,,,
1,,"Aurelia, Exemplar of Justice",GRN,,,French,,,,,,,,
1,,Awakening of Vitu-Ghazi,WAR,,,French,,,,,,,,
4,,Azorius Guildgate,RNA,,,French,,,,,,,,
2,,Azorius Knight-Arbiter,RNA,,,French,,,,,,,,
2,,Azorius Skyguard,RNA,,,French,,,,,,,,
3,,Banishing Light,THB,,,French,,,,,,,,
3,,Barkhide Troll,M20,,,French,,,,,,,,
1,,Barrow Witches,ELD,,,French,,,,,,,,
1,,Bartizan Bats,GRN,,,French,,,,,,,,
1,,Basilica Bell-Haunt,RNA,,,French,,,,,,,,
1,,Beamsplitter Mage,GRN,,,French,,,,,,,,
1,,Beanstalk Giant // Fertile Footsteps,ELD,,,French,,,,,,,,
1,,Bedeck // Bedazzle,RNA,,,French,,,,,,,,
1,,Bedevil,RNA,,,French,,,,,,,,
1,,Befuddle,M20,,,French,,,,,,,,
1,,Beloved Princess,ELD,,,French,,,,,,,,
1,,Benthic Biomancer,RNA,,,French,,,,,,,,
1,,Bioessence Hydra,WAR,,,French,,,,,,,,
1,,Biomancer's Familiar,RNA,,,French,,,,,,,,
1,,Blacklance Paragon,ELD,,,French,,,,,,,,
2,,Blade Instructor,GRN,,,French,,,,,,,,
2,,Blade Juggler,RNA,,,French,,,,,,,,
3,,Blight-Breath Catoblepas,THB,,,French,,,,,,,,
1,,Blood Crypt,RNA,,,French,,,,,,,,
1,,Blood Operative,GRN,,,French,,,,,,,,
4,,Bloodfell Caves,M20,,,French,,,,,,,,
3,,Bloodthirsty Aerialist,M20,,,French,,,,,,,,
4,,Blossoming Sands,M20,,,French,,,,,,,,
1,,Blow Your House Down,ELD,,,French,,,,,,,,
1,,Bolas's Citadel,WAR,,,French,,,,,,,,
1,,Bolrac-Clan Crusher,RNA,,,French,,,,,,,,
1,,Bolt Bend,WAR,,,French,,,,,,,,
2,,Bond of Discipline,WAR,,,French,,,,,,,,
2,,Bone Splinters,M20,,,French,,,,,,,,
1,,Boreal Elemental,M20,,,French,,,,,,,,
2,,Boros Challenger,GRN,,,French,,,,,,,,
4,,Boros Guildgate,GRN,,,French,,,,,,,,
1,,Bounty of Might,GRN,,,French,,,,,,,,
1,,Breeding Pool,RNA,,,French,,,,,,,,
2,,Brine Giant,THB,,,French,,,,,,,,
2,,Brineborn Cutthroat,M20,,,French,,,,,,,,
1,,Bring to Trial,RNA,,,French,,,,,,,,
3,,Bronze Sword,THB,,,French,,,,,,,,
1,,Brought Back,M20,,,French,,,,,,,,
2,,Burning-Tree Vandal,RNA,,,French,,,,,,,,
1,,"Calix, Destiny's Hand",THB,,,French,,,,,,,,
1,,"Callaphe, Beloved of the Sea",THB,,,French,,,,,,,,
1,,Candlelight Vigil,GRN,,,French,,,,,,,,
1,,Captivating Gyre,M20,,,French,,,,,,,,
1,,Captive Audience,RNA,,,French,,,,,,,,
2,,Carnival // Carnage,RNA,,,French,,,,,,,,
1,,Casualties of War,WAR,,,French,,,,,,,,
1,,Catacomb Crocodile,RNA,,,French,,,,,,,,
1,,Cavalcade of Calamity,RNA,,,French,,,,,,,,
3,,Centaur Peacemaker,GRN,,,French,,,,,,,,
2,,Chain to Memory,THB,,,French,,,,,,,,
1,,Chainweb Aracnir,THB,,,French,,,,,,,,
4,,Chandra's Outrage,M20,,,French,,,,,,,,
3,,Chandra's Pyrohelix,WAR,,,French,,,,,,,,
4,,Chandra's Spitfire,M20,,,French,,,,,,,,
4,,Charmed Stray,WAR,,,French,,,,,,,,
2,,Chemister's Insight,GRN,,,French,,,,,,,,
4,,Child of Night,GRN,,,French,,,,,,,,
1,,Circuitous Route,GRN,,,French,,,,,,,,
1,,Citywatch Sphinx,GRN,,,French,,,,,,,,
2,,Clamor Shaman,RNA,,,French,,,,,,,,
3,,Clan Guildmage,RNA,,,French,,,,,,,,
3,,Cling to Dust,THB,,,French,,,,,,,,
4,,Cloudkin Seer,M20,,,French,,,,,,,,
2,,Collar the Culprit,GRN,,,French,,,,,,,,
2,,Collision // Colossus,RNA,,,French,,,,,,,,
2,,Combine Guildmage,RNA,,,French,,,,,,,,
1,,Commence the Endgame,WAR,,,French,,,,,,,,
3,,Conclave Cavalier,GRN,,,French,,,,,,,,
1,,Conclave Guildmage,GRN,,,French,,,,,,,,
3,,Conclave Tribunal,GRN,,,French,,,,,,,,
1,,Confront the Assault,ANA,,,French,,,,,,,,
1,,Connive // Concoct,GRN,,,French,,,,,,,,
2,,Consecrate // Consume,RNA,,,French,,,,,,,,
1,,Consign to the Pit,RNA,,,French,,,,,,,,
2,,Contentious Plan,WAR,,,French,,,,,,,,
1,,Courage in Crisis,WAR,,,French,,,,,,,,
1,,Covetous Urge,ELD,,,French,,,,,,,,
2,,Crackling Drake,GRN,,,French,,,,,,,,
1,,Creeping Chill,GRN,,,French,,,,,,,,
3,,Cruel Celebrant,WAR,,,French,,,,,,,,
1,,Crush Contraband,GRN,,,French,,,,,,,,
2,,Crushing Canopy,GRN,,,French,,,,,,,,
2,,Cult Guildmage,RNA,,,French,,,,,,,,
3,,Daggersail Aeronaut,M20,,,French,,,,,,,,
1,,"Dalakos, Crafter of Wonders",THB,,,French,,,,,,,,
3,,Dark Remedy,M20,,,French,,,,,,,,
1,,Dawn Evangel,THB,,,French,,,,,,,,
2,,Dawn of Hope,GRN,,,French,,,,,,,,
2,,Dawning Angel,M20,,,French,,,,,,,,
2,,"Daxos, Blessed by the Sun",THB,,,French,,,,,,,,
4,,Daybreak Chimera,THB,,,French,,,,,,,,
2,,Deadly Visit,GRN,,,French,,,,,,,,
1,,Deathbloom Thallid,DOM,,,French,,,,,,,,
2,,Deathsprout,WAR,,,French,,,,,,,,
3,,Deny the Divine,THB,,,French,,,,,,,,
2,,Depose // Deploy,RNA,,,French,,,,,,,,
1,,Deputy of Detention,RNA,,,French,,,,,,,,
2,,Despark,WAR,,,French,,,,,,,,
1,,Destiny Spinner,THB,,,French,,,,,,,,
2,,Devourer of Memory,THB,,,French,,,,,,,,
4,,Dimir Guildgate,GRN,,,French,,,,,,,,
2,,Dimir Spybug,GRN,,,French,,,,,,,,
1,,Discordant Piper,THB,,,French,,,,,,,,
2,,Discovery // Dispersal,GRN,,,French,,,,,,,,
1,,Disdainful Stroke,GRN,,,French,,,,,,,,
1,,Disenchant,M20,,,French,,,,,,,,
2,,Disfigure,M20,,,French,,,,,,,,
1,,Disinformation Campaign,GRN,,,French,,,,,,,,
4,,Dismal Backwater,M20,,,French,,,,,,,,
2,,District Guide,GRN,,,French,,,,,,,,
1,,Domri's Ambush,WAR,,,French,,,,,,,,
1,,Doom Whisperer,GRN,,,French,,,,,,,,
2,,Dovin's Acuity,RNA,,,French,,,,,,,,
1,,Drag to the Underworld,THB,,,French,,,,,,,,
2,,"Drakuseth, Maw of Flames",M20,,,French,,,,,,,,
4,,Dreadful Apathy,THB,,,French,,,,,,,,
1,,Dreadhorde Arcanist,WAR,,,French,,,,,,,,
1,,Dreadhorde Butcher,WAR,,,French,,,,,,,,
1,,Dreamstalker Manticore,THB,,,French,,,,,,,,
2,,Drill Bit,RNA,,,French,,,,,,,,
1,,Dryad of the Ilysian Grove,THB,,,French,,,,,,,,
2,,Dungeon Geists,M20,,,French,,,,,,,,
1,,Duress,M20,,,French,,,,,,,,
1,,Eat to Extinction,THB,,,French,,,,,,,,
3,,Eidolon of Inspiration,THB,,,French,,,,,,,,
4,,Eidolon of Philosophy,THB,,,French,,,,,,,,
1,,Electrodominance,RNA,,,French,,,,,,,,
1,,Electrostatic Field,GRN,,,French,,,,,,,,
2,,Elite Guardmage,WAR,,,French,,,,,,,,
3,,Elite Instructor,THB,,,French,,,,,,,,
2,,Elspeth's Devotee,THB,,,French,,,,,,,,
2,,Elspeth's Nightmare,THB,,,French,,,,,,,,
1,,"Elspeth, Undaunted Hero",THB,,,French,,,,,,,,
3,,Ember Hauler,M20,,,French,,,,,,,,
1,,"Emmara, Soul of the Accord",GRN,,,French,,,,,,,,
1,,Empyrean Eagle,M20,,,French,,,,,,,,
1,,End-Raze Forerunners,RNA,,,French,,,,,,,,
2,,Enemy of Enlightenment,THB,,,French,,,,,,,,
1,,Epicure of Blood,M20,,,French,,,,,,,,
2,,Erebos's Intervention,THB,,,French,,,,,,,,
1,,"Erebos, Bleak-Hearted",THB,,,French,,,,,,,,
1,,Erratic Cyclops,GRN,,,French,,,,,,,,
1,,Erratic Visionary,WAR,,,French,,,,,,,,
1,,Escape Velocity,THB,,,French,,,,,,,,
1,,Essence Capture,RNA,,,French,,,,,,,,
1,,"Etrata, the Silencer",GRN,,,French,,,,,,,,
4,,Evolving Wilds,M20,,,French,,,,,,,,
1,,Expansion // Explosion,GRN,,,French,,,,,,,,
1,,Fanatical Firebrand,RIX,,,French,,,,,,,,
4,,Fencing Ace,M20,,,French,,,,,,,,
1,,Ferocious Pup,M20,,,French,,,,,,,,
4,,Final Death,THB,,,French,,,,,,,,
3,,Final Flare,THB,,,French,,,,,,,,
1,,Find // Finality,GRN,,,French,,,,,,,,
2,,Fire Urchin,GRN,,,French,,,,,,,,
1,,Firemind's Research,GRN,,,French,,,,,,,,
3,,Flicker of Fate,THB,,,French,,,,,,,,
4,,Flower // Flourish,GRN,,,French,,,,,,,,
1,,Flummoxed Cyclops,THB,,,French,,,,,,,,
3,,Footlight Fiend,RNA,,,French,,,,,,,,
1,,Foreboding Fruit,ELD,,,French,,,,,,,,
1,,Forest,THB,,,French,,,,,,,,
1,,Forest,WAR,,,French,,,,,,,,
1,,Forest,WAR,,,French,,,,,,,,
1,,Forest,WAR,,,French,,,,,,,,
1,,Forest,DOM,,,French,,,,,,,,
1,,Forest,ELD,,,French,,,,,,,,
1,,Forest,DOM,,,French,,,,,,,,
1,,Forest,ELD,,,French,,,,,,,,
1,,Forest,DOM,,,French,,,,,,,,
1,,Forest,ELD,,,French,,,,,,,,
1,,Forest,DOM,,,French,,,,,,,,
1,,Forest,XLN,,,French,,,,,,,,
1,,Forest,M19,,,French,,,,,,,,
1,,Forest,M20,,,French,,,,,,,,
1,,Forest,XLN,,,French,,,,,,,,
1,,Forest,M19,,,French,,,,,,,,
1,,Forest,M20,,,French,,,,,,,,
1,,Forest,XLN,,,French,,,,,,,,
1,,Forest,M19,,,French,,,,,,,,
1,,Forest,M20,,,French,,,,,,,,
1,,Forest,XLN,,,French,,,,,,,,
1,,Forest,M19,,,French,,,,,,,,
1,,Forest,M20,,,French,,,,,,,,
1,,Forest,GRN,,,French,,,,,,,,
1,,Forest,RIX,,,French,,,,,,,,
1,,Forest,RNA,,,French,,,,,,,,
1,,Foulmire Knight // Profane Insight,ELD,,,French,,,,,,,,
2,,Frenzied Arynx,RNA,,,French,,,,,,,,
1,,Frogify,ELD,,,French,,,,,,,,
2,,Frost Lynx,M20,,,French,,,,,,,,
4,,Fruit of Tizerus,THB,,,French,,,,,,,,
4,,Funeral Rites,THB,,,French,,,,,,,,
1,,Furious Rise,THB,,,French,,,,,,,,
1,,Gallia of the Endless Dance,THB,,,French,,,,,,,,
2,,Galloping Lizrog,RNA,,,French,,,,,,,,
2,,"Gargos, Vicious Watcher",M20,,,French,,,,,,,,
1,,Gateway Plaza,GRN,,,French,,,,,,,,
4,,Generous Stray,GRN,,,French,,,,,,,,
2,,Get the Point,RNA,,,French,,,,,,,,
4,,Giant Growth,WAR,,,French,,,,,,,,
1,,Gideon's Sacrifice,WAR,,,French,,,,,,,,
1,,Gideon's Triumph,WAR,,,French,,,,,,,,
1,,Gift of Paradise,M20,,,French,,,,,,,,
3,,Gift of Strength,THB,,,French,,,,,,,,
1,,Gingerbread Cabin,ELD,,,French,,,,,,,,
3,,Glimpse of Freedom,THB,,,French,,,,,,,,
3,,Glory Bearers,THB,,,French,,,,,,,,
4,,Glowspore Shaman,GRN,,,French,,,,,,,,
3,,Gnarlback Rhino,M20,,,French,,,,,,,,
3,,Goblin Banneret,GRN,,,French,,,,,,,,
1,,Goblin Cratermaker,GRN,,,French,,,,,,,,
3,,Goblin Electromancer,GRN,,,French,,,,,,,,
4,,Goblin Gathering,RNA,,,French,,,,,,,,
1,,Goblin Locksmith,GRN,,,French,,,,,,,,
1,,Godless Shrine,RNA,,,French,,,,,,,,
1,,Golden Egg,ELD,,,French,,,,,,,,
2,,Golgari Findbroker,GRN,,,French,,,,,,,,
4,,Golgari Guildgate,GRN,,,French,,,,,,,,
1,,Grappling Sundew,GRN,,,French,,,,,,,,
2,,Grasping Thrull,RNA,,,French,,,,,,,,
1,,Grateful Apparition,WAR,,,French,,,,,,,,
2,,Gravebreaker Lamia,THB,,,French,,,,,,,,
1,,Gravel-Hide Goblin,RNA,,,French,,,,,,,,
2,,Gravewaker,M20,,,French,,,,,,,,
1,,Gravitic Punch,GRN,,,French,,,,,,,,
4,,Greenwood Sentinel,M20,,,French,,,,,,,,
1,,Grim Initiate,WAR,,,French,,,,,,,,
4,,Grim Physician,THB,,,French,,,,,,,,
4,,Growth Cycle,M20,,,French,,,,,,,,
3,,Growth Spiral,RNA,,,French,,,,,,,,
1,,Gruesome Menagerie,GRN,,,French,,,,,,,,
4,,Gruul Guildgate,RNA,,,French,,,,,,,,
1,,Gruul Spellbreaker,RNA,,,French,,,,,,,,
2,,Gyre Engineer,RNA,,,French,,,,,,,,
1,,Haazda Marshal,GRN,,,French,,,,,,,,
3,,Hackrobat,RNA,,,French,,,,,,,,
1,,Hallowed Fountain,RNA,,,French,,,,,,,,
4,,Healer's Hawk,GRN,,,French,,,,,,,,
1,,Heliod's Intervention,THB,,,French,,,,,,,,
4,,Heliod's Pilgrim,THB,,,French,,,,,,,,
2,,Heliod's Punishment,THB,,,French,,,,,,,,
2,,Herald of the Sun,M20,,,French,,,,,,,,
1,,Hero of the Games,THB,,,French,,,,,,,,
3,,Hero of the Pride,THB,,,French,,,,,,,,
2,,Hero of the Winds,THB,,,French,,,,,,,,
1,,Heroes of the Revel,THB,,,French,,,,,,,,
2,,House Guildmage,GRN,,,French,,,,,,,,
4,,Hunted Witness,GRN,,,French,,,,,,,,
1,,Hydra's Growth,THB,,,French,,,,,,,,
1,,Hydroid Krasis,RNA,,,French,,,,,,,,
1,,Hyrax Tower Scout,THB,,,French,,,,,,,,
1,,Idyllic Tutor,THB,,,French,,,,,,,,
1,,Ilysian Caryatid,THB,,,French,,,,,,,,
4,,Impassioned Orator,RNA,,,French,,,,,,,,
1,,Impending Doom,THB,,,French,,,,,,,,
1,,Incendiary Oracle,THB,,,French,,,,,,,,
1,,Incubation // Incongruity,RNA,,,French,,,,,,,,
1,,Incubation Druid,RNA,,,French,,,,,,,,
4,,Indomitable Will,THB,,,French,,,,,,,,
2,,Inescapable Blaze,GRN,,,French,,,,,,,,
2,,Infuriate,M20,,,French,,,,,,,,
1,,Infuriate,THB,,,French,,,,,,,,
2,,Inspire Awe,THB,,,French,,,,,,,,
3,,Inspiring Captain,M20,,,French,,,,,,,,
2,,Inspiring Commander,ANA,,,French,,,,,,,,
1,,Integrity // Intervention,GRN,,,French,,,,,,,,
2,,Intrusive Packbeast,GRN,,,French,,,,,,,,
3,,Irreverent Revelers,THB,,,French,,,,,,,,
1,,Island,THB,,,French,,,,,,,,
1,,Island,WAR,,,French,,,,,,,,
1,,Island,DOM,,,French,,,,,,,,
1,,Island,ELD,,,French,,,,,,,,
1,,Island,WAR,,,French,,,,,,,,
1,,Island,DOM,,,French,,,,,,,,
1,,Island,ELD,,,French,,,,,,,,
1,,Island,WAR,,,French,,,,,,,,
1,,Island,DOM,,,French,,,,,,,,
1,,Island,ELD,,,French,,,,,,,,
1,,Island,DOM,,,French,,,,,,,,
1,,Island,XLN,,,French,,,,,,,,
1,,Island,M19,,,French,,,,,,,,
1,,Island,M20,,,French,,,,,,,,
1,,Island,XLN,,,French,,,,,,,,
1,,Island,M19,,,French,,,,,,,,
1,,Island,M20,,,French,,,,,,,,
1,,Island,XLN,,,French,,,,,,,,
1,,Island,M19,,,French,,,,,,,,
1,,Island,M20,,,French,,,,,,,,
1,,Island,XLN,,,French,,,,,,,,
1,,Island,M19,,,French,,,,,,,,
1,,Island,M20,,,French,,,,,,,,
1,,Island,GRN,,,French,,,,,,,,
1,,Island,RIX,,,French,,,,,,,,
1,,Island,RNA,,,French,,,,,,,,
1,,"Izoni, Thousand-Eyed",GRN,,,French,,,,,,,,
4,,Izzet Guildgate,GRN,,,French,,,,,,,,
3,,Jaya's Greeting,WAR,,,French,,,,,,,,
1,,"Judith, the Scourge Diva",RNA,,,French,,,,,,,,
4,,Jungle Hollow,M20,,,French,,,,,,,,
1,,Justice Strike,GRN,,,French,,,,,,,,
4,,Karametra's Blessing,THB,,,French,,,,,,,,
3,,Kasmina's Transmutation,WAR,,,French,,,,,,,,
1,,Kaya's Wrath,RNA,,,French,,,,,,,,
1,,"Kaya, Bane of the Dead",WAR,,,French,,,,,,,,
1,,Klothys's Design,THB,,,French,,,,,,,,
1,,"Klothys, God of Destiny",THB,,,French,,,,,,,,
1,,Knight of Autumn,GRN,,,French,,,,,,,,
2,,Knight of Sorrows,RNA,,,French,,,,,,,,
2,,Knight of the Ebon Legion,M20,,,French,,,,,,,,
1,,Kraul Foragers,GRN,,,French,,,,,,,,
2,,Kraul Harpooner,GRN,,,French,,,,,,,,
1,,"Kroxa, Titan of Death's Hunger",THB,,,French,,,,,,,,
1,,Lagonna-Band Storyteller,THB,,,French,,,,,,,,
4,,Lampad of Death's Vigil,THB,,,French,,,,,,,,
4,,Lava Coil,GRN,,,French,,,,,,,,
3,,Lawmage's Binding,RNA,,,French,,,,,,,,
1,,Lazotep Behemoth,WAR,,,French,,,,,,,,
2,,Leafkin Druid,M20,,,French,,,,,,,,
1,,League Guildmage,GRN,,,French,,,,,,,,
2,,Leapfrog,GRN,,,French,,,,,,,,
1,,Ledev Champion,GRN,,,French,,,,,,,,
4,,Ledev Guardian,GRN,,,French,,,,,,,,
2,,Legion Guildmage,GRN,,,French,,,,,,,,
1,,Legion Warboss,GRN,,,French,,,,,,,,
4,,Leonin of the Lost Pride,THB,,,French,,,,,,,,
2,,Leyline Prowler,WAR,,,French,,,,,,,,
1,,Light of the Legion,GRN,,,French,,,,,,,,
2,,Light Up the Stage,RNA,,,French,,,,,,,,
1,,Living Twister,WAR,,,French,,,,,,,,
3,,Loathsome Chimera,THB,,,French,,,,,,,,
2,,Lotleth Giant,GRN,,,French,,,,,,,,
1,,Loxodon Lifechanter,M20,,,French,,,,,,,,
4,,Loxodon Restorer,GRN,,,French,,,,,,,,
2,,March of the Multitudes,GRN,,,French,,,,,,,,
1,,Mass Manipulation,RNA,,,French,,,,,,,,
1,,Mayhem Devil,WAR,,,French,,,,,,,,
2,,Memory Drain,THB,,,French,,,,,,,,
2,,Merfolk Skydiver,WAR,,,French,,,,,,,,
4,,Meteor Golem,M20,,,French,,,,,,,,
1,,Metropolis Sprite,M20,,,French,,,,,,,,
2,,Midnight Reaper,GRN,,,French,,,,,,,,
2,,Might of the Masses,GRN,,,French,,,,,,,,
4,,Mindwrack Harpy,THB,,,French,,,,,,,,
2,,Minion's Return,THB,,,French,,,,,,,,
2,,Ministrant of Obligation,RNA,,,French,,,,,,,,
1,,Mire Triton,THB,,,French,,,,,,,,
3,,Mire's Grasp,THB,,,French,,,,,,,,
1,,Mirror Shield,THB,,,French,,,,,,,,
1,,Mirrormade,ELD,,,French,,,,,,,,
1,,Mischievous Chimera,THB,,,French,,,,,,,,
1,,Mission Briefing,GRN,,,French,,,,,,,,
2,,Mogis's Favor,THB,,,French,,,,,,,,
1,,Molderhulk,GRN,,,French,,,,,,,,
4,,Moment of Heroism,M20,,,French,,,,,,,,
1,,Moodmark Painter,GRN,,,French,,,,,,,,
2,,Mortify,RNA,,,French,,,,,,,,
2,,Moss Viper,THB,,,French,,,,,,,,
1,,Mountain,THB,,,French,,,,,,,,
1,,Mountain,WAR,,,French,,,,,,,,
1,,Mountain,WAR,,,French,,,,,,,,
1,,Mountain,WAR,,,French,,,,,,,,
1,,Mountain,DOM,,,French,,,,,,,,
1,,Mountain,ELD,,,French,,,,,,,,
1,,Mountain,DOM,,,French,,,,,,,,
1,,Mountain,ELD,,,French,,,,,,,,
1,,Mountain,DOM,,,French,,,,,,,,
1,,Mountain,ELD,,,French,,,,,,,,
1,,Mountain,DOM,,,French,,,,,,,,
1,,Mountain,XLN,,,French,,,,,,,,
1,,Mountain,M19,,,French,,,,,,,,
1,,Mountain,M20,,,French,,,,,,,,
1,,Mountain,XLN,,,French,,,,,,,,
1,,Mountain,M19,,,French,,,,,,,,
1,,Mountain,M20,,,French,,,,,,,,
1,,Mountain,XLN,,,French,,,,,,,,
1,,Mountain,M19,,,French,,,,,,,,
1,,Mountain,M20,,,French,,,,,,,,
1,,Mountain,XLN,,,French,,,,,,,,
1,,Mountain,M19,,,French,,,,,,,,
1,,Mountain,M20,,,French,,,,,,,,
1,,Mountain,GRN,,,French,,,,,,,,
1,,Mountain,RIX,,,French,,,,,,,,
1,,Mountain,RNA,,,French,,,,,,,,
3,,Murder,M20,,,French,,,,,,,,
3,,Murmuring Mystic,GRN,,,French,,,,,,,,
2,,Mystic Repeal,THB,,,French,,,,,,,,
1,,Nadir Kraken,THB,,,French,,,,,,,,
1,,Naga Eternal,WAR,,,French,,,,,,,,
1,,Nahiri's Stoneblades,WAR,,,French,,,,,,,,
1,,Naiad of Hidden Coves,THB,,,French,,,,,,,,
2,,Negate,M20,,,French,,,,,,,,
1,,Nessian Boar,THB,,,French,,,,,,,,
1,,Nessian Hornbeetle,THB,,,French,,,,,,,,
4,,Nexus Wardens,THB,,,French,,,,,,,,
1,,Nightpack Ambusher,M20,,,French,,,,,,,,
2,,Nightveil Predator,GRN,,,French,,,,,,,,
2,,Nightveil Sprite,GRN,,,French,,,,,,,,
1,,"Niv-Mizzet, Parun",GRN,,,French,,,,,,,,
1,,No Escape,WAR,,,French,,,,,,,,
3,,Notion Rain,GRN,,,French,,,,,,,,
2,,Nylea's Forerunner,THB,,,French,,,,,,,,
3,,Nylea's Huntmaster,THB,,,French,,,,,,,,
1,,Nyxbloom Ancient,THB,,,French,,,,,,,,
4,,Nyxborn Colossus,THB,,,French,,,,,,,,
1,,Nyxborn Courser,THB,,,French,,,,,,,,
2,,Nyxborn Marauder,THB,,,French,,,,,,,,
3,,Oakenform,M20,,,French,,,,,,,,
3,,Omen of the Dead,THB,,,French,,,,,,,,
2,,Omen of the Forge,THB,,,French,,,,,,,,
2,,Omen of the Hunt,THB,,,French,,,,,,,,
1,,Omen of the Sea,THB,,,French,,,,,,,,
1,,Omen of the Sun,THB,,,French,,,,,,,,
1,,One with the Stars,THB,,,French,,,,,,,,
2,,Open the Gates,RNA,,,French,,,,,,,,
1,,Opt,XLN,,,French,,,,,,,,
1,,Oread of Mountain's Blaze,THB,,,French,,,,,,,,
2,,Orzhov Enforcer,RNA,,,French,,,,,,,,
4,,Orzhov Guildgate,RNA,,,French,,,,,,,,
1,,Overgrown Tomb,GRN,,,French,,,,,,,,
1,,Overwhelmed Apprentice,ELD,,,French,,,,,,,,
4,,Pacifism,M20,,,French,,,,,,,,
4,,Pack Mastiff,M20,,,French,,,,,,,,
3,,Paradise Druid,WAR,,,French,,,,,,,,
2,,Parhelion Patrol,GRN,,,French,,,,,,,,
1,,Pelt Collector,GRN,,,French,,,,,,,,
1,,Persistent Petitioners,RNA,,,French,,,,,,,,
2,,Phalanx Tactics,THB,,,French,,,,,,,,
2,,Pharika's Libation,THB,,,French,,,,,,,,
3,,Pharika's Spawn,THB,,,French,,,,,,,,
2,,Pheres-Band Brawler,THB,,,French,,,,,,,,
3,,Phoenix of Ash,THB,,,French,,,,,,,,
3,,Pious Wayfarer,THB,,,French,,,,,,,,
3,,Pitiless Pontiff,RNA,,,French,,,,,,,,
4,,Plaguecrafter,GRN,,,French,,,,,,,,
1,,Plains,DOM,,,French,,,,,,,,
1,,Plains,ELD,,,French,,,,,,,,
1,,Plains,THB,,,French,,,,,,,,
1,,Plains,WAR,,,French,,,,,,,,
1,,Plains,DOM,,,French,,,,,,,,
1,,Plains,ELD,,,French,,,,,,,,
1,,Plains,WAR,,,French,,,,,,,,
1,,Plains,DOM,,,French,,,,,,,,
1,,Plains,ELD,,,French,,,,,,,,
1,,Plains,WAR,,,French,,,,,,,,
1,,Plains,DOM,,,French,,,,,,,,
1,,Plains,XLN,,,French,,,,,,,,
1,,Plains,M19,,,French,,,,,,,,
1,,Plains,M20,,,French,,,,,,,,
1,,Plains,XLN,,,French,,,,,,,,
1,,Plains,M19,,,French,,,,,,,,
1,,Plains,M20,,,French,,,,,,,,
1,,Plains,XLN,,,French,,,,,,,,
1,,Plains,M19,,,French,,,,,,,,
1,,Plains,M20,,,French,,,,,,,,
1,,Plains,XLN,,,French,,,,,,,,
1,,Plains,M19,,,French,,,,,,,,
1,,Plains,M20,,,French,,,,,,,,
1,,Plains,GRN,,,French,,,,,,,,
1,,Plains,RIX,,,French,,,,,,,,
1,,Plains,RNA,,,French,,,,,,,,
1,,Plaza of Harmony,RNA,,,French,,,,,,,,
2,,Pledge of Unity,WAR,,,French,,,,,,,,
1,,Plummet,THB,,,French,,,,,,,,
3,,Portent of Betrayal,THB,,,French,,,,,,,,
1,,Precognitive Perception,RNA,,,French,,,,,,,,
1,,Priest of Forgotten Gods,RNA,,,French,,,,,,,,
1,,Prismite,M20,,,French,,,,,,,,
1,,Prized Unicorn,M20,,,French,,,,,,,,
1,,Queen of Ice // Rage of Winter,ELD,,,French,,,,,,,,
4,,Rabid Bite,M20,,,French,,,,,,,,
2,,Radical Idea,GRN,,,French,,,,,,,,
4,,Rage-Scarred Berserker,THB,,,French,,,,,,,,
1,,Raise the Alarm,M20,,,French,,,,,,,,
3,,Rakdos Firewheeler,RNA,,,French,,,,,,,,
4,,Rakdos Guildgate,RNA,,,French,,,,,,,,
3,,Rakdos Roustabout,RNA,,,French,,,,,,,,
1,,Ral's Outburst,WAR,,,French,,,,,,,,
1,,Ravager Wurm,RNA,,,French,,,,,,,,
2,,Relentless Pursuit,THB,,,French,,,,,,,,
1,,"Renata, Called to the Hunt",THB,,,French,,,,,,,,
1,,Resolute Watchdog,RNA,,,French,,,,,,,,
2,,Response // Resurgence,GRN,,,French,,,,,,,,
1,,Return to Nature,ELD,,,French,,,,,,,,
3,,Return to Nature,THB,,,French,,,,,,,,
2,,Reverent Hoplite,THB,,,French,,,,,,,,
1,,Revitalize,M19,,,French,,,,,,,,
2,,Revival // Revenge,RNA,,,French,,,,,,,,
1,,Revoke Existence,THB,,,French,,,,,,,,
2,,Rhizome Lurcher,GRN,,,French,,,,,,,,
2,,Rhythm of the Wild,RNA,,,French,,,,,,,,
2,,Riddlemaster Sphinx,M20,,,French,,,,,,,,
1,,Riptide Turtle,THB,,,French,,,,,,,,
1,,Rise to Glory,THB,,,French,,,,,,,,
2,,Roc Charger,GRN,,,French,,,,,,,,
3,,Rosemane Centaur,GRN,,,French,,,,,,,,
1,,Rosethorn Acolyte // Seasonal Ritual,ELD,,,French,,,,,,,,
1,,Rubblebelt Runner,RNA,,,French,,,,,,,,
4,,Rugged Highlands,M20,,,French,,,,,,,,
4,,Rumbling Sentry,THB,,,French,,,,,,,,
1,,Sacred Foundry,GRN,,,French,,,,,,,,
1,,Salvager of Ruin,M20,,,French,,,,,,,,
1,,Samut's Sprint,WAR,,,French,,,,,,,,
2,,Satyr's Cunning,THB,,,French,,,,,,,,
2,,Sauroform Hybrid,RNA,,,French,,,,,,,,
1,,Savage Gorger,M20,,,French,,,,,,,,
2,,Savage Smash,RNA,,,French,,,,,,,,
1,,Scavenging Harpy,THB,,,French,,,,,,,,
2,,Scorch Spitter,M20,,,French,,,,,,,,
1,,Scorching Dragonfire,ELD,,,French,,,,,,,,
4,,Scoured Barrens,M20,,,French,,,,,,,,
3,,Season of Growth,M20,,,French,,,,,,,,
4,,Selesnya Guildgate,GRN,,,French,,,,,,,,
1,,Selesnya Guildgate,GRN,,,French,,,,,,,,
2,,Senate Griffin,RNA,,,French,,,,,,,,
2,,Senate Guildmage,RNA,,,French,,,,,,,,
2,,Sentinel's Eyes,THB,,,French,,,,,,,,
1,,Seraph of the Scales,RNA,,,French,,,,,,,,
2,,Serra Angel,ANA,,,French,,,,,,,,
2,,Serra's Guardian,M20,,,French,,,,,,,,
2,,Setessan Champion,THB,,,French,,,,,,,,
3,,Setessan Petitioner,THB,,,French,,,,,,,,
4,,Setessan Skirmisher,THB,,,French,,,,,,,,
1,,Setessan Training,THB,,,French,,,,,,,,
3,,Sharktocrab,RNA,,,French,,,,,,,,
1,,Shatter the Sky,THB,,,French,,,,,,,,
1,,Shifting Ceratops,M20,,,French,,,,,,,,
2,,Shivan Dragon,M20,,,French,,,,,,,,
1,,Shoal Kraken,THB,,,French,,,,,,,,
4,,Shock,M20,,,French,,,,,,,,
1,,Siege Wurm,GRN,,,French,,,,,,,,
1,,Signpost Scarecrow,ELD,,,French,,,,,,,,
4,,Silhana Wayfinder,RNA,,,French,,,,,,,,
3,,Silverback Shaman,M20,,,French,,,,,,,,
1,,Silverflame Squire // On Alert,ELD,,,French,,,,,,,,
4,,Simic Guildgate,RNA,,,French,,,,,,,,
1,,Simic Locket,RNA,,,French,,,,,,,,
1,,Single Combat,WAR,,,French,,,,,,,,
1,,"Siona, Captain of the Pyleas",THB,,,French,,,,,,,,
4,,Skewer the Critics,RNA,,,French,,,,,,,,
3,,Skola Grovedancer,THB,,,French,,,,,,,,
2,,Skophos Maze-Warden,THB,,,French,,,,,,,,
3,,Sky Theater Strix,WAR,,,French,,,,,,,,
2,,Skyknight Legionnaire,GRN,,,French,,,,,,,,
4,,Sleep of the Dead,THB,,,French,,,,,,,,
1,,Sorcerer of the Fang,M20,,,French,,,,,,,,
4,,Sorin's Thirst,M20,,,French,,,,,,,,
3,,Soul-Guide Lantern,THB,,,French,,,,,,,,
4,,Soulreaper of Mogis,THB,,,French,,,,,,,,
1,,Spawn of Mayhem,RNA,,,French,,,,,,,,
2,,Spear Spewer,RNA,,,French,,,,,,,,
2,,Spectral Sailor,M20,,,French,,,,,,,,
4,,Spellgorger Weird,WAR,,,French,,,,,,,,
2,,Sphinx of New Prahv,RNA,,,French,,,,,,,,
2,,Sphinx's Insight,RNA,,,French,,,,,,,,
3,,Spinal Centipede,GRN,,,French,,,,,,,,
3,,Spiritual Guardian,ANA,,,French,,,,,,,,
1,,Stampede Rider,THB,,,French,,,,,,,,
4,,Starlit Mantle,THB,,,French,,,,,,,,
2,,Status // Statue,GRN,,,French,,,,,,,,
1,,Steam Vents,GRN,,,French,,,,,,,,
4,,Stern Dismissal,THB,,,French,,,,,,,,
1,,Stomping Ground,RNA,,,French,,,,,,,,
1,,Stony Strength,RNA,,,French,,,,,,,,
1,,Street Riot,GRN,,,French,,,,,,,,
1,,Sumala Woodshaper,GRN,,,French,,,,,,,,
2,,Summary Judgment,RNA,,,French,,,,,,,,
2,,Sunder Shaman,RNA,,,French,,,,,,,,
2,,Sunhome Stalwart,GRN,,,French,,,,,,,,
4,,Sunlit Hoplite,THB,,,French,,,,,,,,
1,,Sunmane Pegasus,THB,,,French,,,,,,,,
3,,Sure Strike,GRN,,,French,,,,,,,,
1,,Swamp,THB,,,French,,,,,,,,
1,,Swamp,WAR,,,French,,,,,,,,
1,,Swamp,WAR,,,French,,,,,,,,
1,,Swamp,DOM,,,French,,,,,,,,
1,,Swamp,ELD,,,French,,,,,,,,
1,,Swamp,WAR,,,French,,,,,,,,
1,,Swamp,DOM,,,French,,,,,,,,
1,,Swamp,ELD,,,French,,,,,,,,
1,,Swamp,DOM,,,French,,,,,,,,
1,,Swamp,ELD,,,French,,,,,,,,
1,,Swamp,DOM,,,French,,,,,,,,
1,,Swamp,XLN,,,French,,,,,,,,
1,,Swamp,M19,,,French,,,,,,,,
1,,Swamp,M20,,,French,,,,,,,,
1,,Swamp,XLN,,,French,,,,,,,,
1,,Swamp,M19,,,French,,,,,,,,
1,,Swamp,M20,,,French,,,,,,,,
1,,Swamp,XLN,,,French,,,,,,,,
1,,Swamp,M19,,,French,,,,,,,,
1,,Swamp,M20,,,French,,,,,,,,
1,,Swamp,XLN,,,French,,,,,,,,
1,,Swamp,M19,,,French,,,,,,,,
1,,Swamp,M20,,,French,,,,,,,,
1,,Swamp,GRN,,,French,,,,,,,,
1,,Swamp,RIX,,,French,,,,,,,,
1,,Swamp,RNA,,,French,,,,,,,,
1,,Swarm Guildmage,GRN,,,French,,,,,,,,
1,,Sweet Oblivion,THB,,,French,,,,,,,,
1,,Swiftblade Vindicator,GRN,,,French,,,,,,,,
4,,Swiftwater Cliffs,M20,,,French,,,,,,,,
3,,Swimmer in Nightmares,THB,,,French,,,,,,,,
4,,Sworn Companions,GRN,,,French,,,,,,,,
2,,Tactical Advantage,ANA,,,French,,,,,,,,
1,,"Tajic, Legion's Edge",GRN,,,French,,,,,,,,
4,,Take Heart,GRN,,,French,,,,,,,,
1,,"Taranika, Akroan Veteran",THB,,,French,,,,,,,,
1,,Tectonic Rift,M20,,,French,,,,,,,,
1,,Temple Garden,GRN,,,French,,,,,,,,
1,,Temple of Abandon,THB,,,French,,,,,,,,
1,,Temple of Malice,THB,,,French,,,,,,,,
1,,Temple of Plenty,THB,,,French,,,,,,,,
4,,Temple Thief,THB,,,French,,,,,,,,
1,,Tenth District Legionnaire,WAR,,,French,,,,,,,,
1,,Tenth District Veteran,RNA,,,French,,,,,,,,
2,,Teyo's Lightshield,WAR,,,French,,,,,,,,
1,,Teysa Karlov,RNA,,,French,,,,,,,,
4,,Thaumaturge's Familiar,THB,,,French,,,,,,,,
1,,The Binding of the Titans,THB,,,French,,,,,,,,
1,,The Birth of Meletis,THB,,,French,,,,,,,,
1,,The Wanderer,WAR,,,French,,,,,,,,
1,,Theater of Horrors,RNA,,,French,,,,,,,,
1,,Thicket Crasher,M20,,,French,,,,,,,,
1,,Thief of Sanity,GRN,,,French,,,,,,,,
1,,Thirst for Meaning,THB,,,French,,,,,,,,
3,,Thirsting Bloodlord,M20,,,French,,,,,,,,
4,,Thornwood Falls,M20,,,French,,,,,,,,
1,,Thought Erasure,GRN,,,French,,,,,,,,
2,,Thoughtbound Phantasm,GRN,,,French,,,,,,,,
1,,Thousand-Year Storm,GRN,,,French,,,,,,,,
1,,Thrash // Threat,RNA,,,French,,,,,,,,
1,,Threnody Singer,THB,,,French,,,,,,,,
1,,Thrill of Possibility,THB,,,French,,,,,,,,
1,,Thunderkin Awakener,M20,,,French,,,,,,,,
1,,Time Wipe,WAR,,,French,,,,,,,,
2,,Titanic Brawl,RNA,,,French,,,,,,,,
1,,"Tolsimir, Friend to Wolves",WAR,,,French,,,,,,,,
3,,Torch Courier,GRN,,,French,,,,,,,,
1,,Tournament Grounds,ELD,,,French,,,,,,,,
4,,Towering-Wave Mystic,THB,,,French,,,,,,,,
1,,Trail of Crumbs,ELD,,,French,,,,,,,,
4,,Tranquil Cove,M20,,,French,,,,,,,,
3,,Transcendent Envoy,THB,,,French,,,,,,,,
2,,Triumphant Surge,THB,,,French,,,,,,,,
1,,Trollbred Guardian,RNA,,,French,,,,,,,,
2,,Truefire Captain,GRN,,,French,,,,,,,,
3,,"Tymaret, Chosen from Death",THB,,,French,,,,,,,,
2,,Tyrant's Scorn,WAR,,,French,,,,,,,,
1,,Unbreakable Formation,RNA,,,French,,,,,,,,
1,,Undercity Uprising,GRN,,,French,,,,,,,,
1,,Underrealm Lich,GRN,,,French,,,,,,,,
4,,Underworld Charger,THB,,,French,,,,,,,,
2,,Underworld Dreams,THB,,,French,,,,,,,,
4,,Underworld Fires,THB,,,French,,,,,,,,
4,,Underworld Rage-Hound,THB,,,French,,,,,,,,
2,,Unexplained Disappearance,GRN,,,French,,,,,,,,
3,,Unknown Shores,THB,,,French,,,,,,,,
2,,Unlikely Aid,WAR,,,French,,,,,,,,
4,,Unsummon,M20,,,French,,,,,,,,
4,,Vampire of the Dire Moon,M20,,,French,,,,,,,,
3,,Vampire Opportunist,M20,,,French,,,,,,,,
1,,Vantress Paladin,ELD,,,French,,,,,,,,
1,,Veiled Shade,GRN,,,French,,,,,,,,
1,,Venerated Loxodon,GRN,,,French,,,,,,,,
4,,Venomous Hierophant,THB,,,French,,,,,,,,
1,,Verity Circle,RNA,,,French,,,,,,,,
2,,Vernadi Shieldmate,GRN,,,French,,,,,,,,
2,,Vexing Gull,THB,,,French,,,,,,,,
2,,Vigorspore Wurm,GRN,,,French,,,,,,,,
4,,Vindictive Vampire,RNA,,,French,,,,,,,,
1,,Vivien's Grizzly,WAR,,,French,,,,,,,,
2,,Voracious Hydra,M20,,,French,,,,,,,,
2,,Voracious Typhon,THB,,,French,,,,,,,,
1,,Wakeroot Elemental,M20,,,French,,,,,,,,
4,,Wall of Runes,WAR,,,French,,,,,,,,
3,,Warbriar Blessing,THB,,,French,,,,,,,,
4,,Warden of Evos Isle,M20,,,French,,,,,,,,
2,,Warden of the Chained,THB,,,French,,,,,,,,
1,,Warrant // Warden,RNA,,,French,,,,,,,,
2,,Wary Okapi,GRN,,,French,,,,,,,,
1,,Watery Grave,GRN,,,French,,,,,,,,
1,,Wavebreak Hippocamp,THB,,,French,,,,,,,,
3,,Wee Dragonauts,GRN,,,French,,,,,,,,
2,,Whisper Agent,GRN,,,French,,,,,,,,
3,,Whispering Snitch,GRN,,,French,,,,,,,,
4,,Wind-Scarred Crag,M20,,,French,,,,,,,,
4,,Windstorm Drake,RNA,,,French,,,,,,,,
4,,Winged Words,M20,,,French,,,,,,,,
4,,Wings of Hubris,THB,,,French,,,,,,,,
1,,Witch's Vengeance,ELD,,,French,,,,,,,,
3,,Witness of Tomorrows,THB,,,French,,,,,,,,
3,,Wrap in Flames,THB,,,French,,,,,,,,
1,,"Zegana, Utopian Speaker",RNA,,,French,,,,,,,,
3,,Zhur-Taa Goblin,RNA,,,French,,,,,,,,
